{
    "avg_prec": {
        "train": 0.9569625216206623,
        "test": 0.9003587549736108
    },
    "roc_auc": {
        "train": 0.9774158654573837,
        "test": 0.9316833447915871
    }
}
